customer_id,first_name,last_name,dob,phone,email
1,Amy,Lambert,1994-06-17,394-923-6339x7212,leroy11@example.net
2,Mark,Faulkner,1961-06-10,(484)736-7794,patrickarnold@example.net
3,Connie,Jackson,1978-07-16,430.666.0411,rileythomas@example.org
4,Emily,Ochoa,2000-12-04,992.941.1600x22606,joshua15@example.com
5,Rachel,Thompson,1979-05-09,9976137682,ajohnson@example.net
6,William,Bullock,1996-02-15,636.856.3881x2224,brianmoreno@example.net
7,Margaret,Bender,2005-10-20,860-611-4845x726,wellsjonathan@example.org
8,Jessica,Valdez,1970-10-01,784.879.3794x211,hayeslawrence@example.com
9,Stacey,Perez,1992-07-12,230.833.1979x009,zbennett@example.net
10,James,Carter,2007-10-09,216-249-2530,zdavis@example.org
11,Angela,Rodgers,1987-10-11,(323)576-0600x2248,luis28@example.net
12,Melody,Johnson,1971-11-05,876-878-2499,zguerra@example.org
13,Diana,Dean,1964-12-28,549.587.3112x4293,tateanita@example.com
14,Tracey,Sharp,1994-08-14,(555)261-0917,phillip59@example.org
15,David,Burke,1960-05-28,905.427.6374,jennifersteele@example.com
16,Mary,Johnson,1959-12-02,001-943-801-1331x901,janetsilva@example.net
17,William,Miller,1989-02-01,363-293-6766x0464,robert46@example.org
18,Kristin,Evans,1985-12-15,+1-268-769-0617,stevenzhang@example.net
19,David,Jackson,1966-06-06,659.443.3854x5262,salazarlaurie@example.net
20,Julie,Dawson,1961-12-28,744.219.1906,julie46@example.org
21,Jennifer,Stewart,1989-07-21,001-224-426-9211x0427,howarderic@example.net
22,Richard,Ho,1991-03-18,+1-992-821-5903x656,ashleyhorne@example.org
23,Denise,Bowers,2005-01-17,001-363-336-8058x9037,melissa74@example.net
24,Stephen,Browning,1963-01-14,355.295.0017,langelizabeth@example.com
25,Allison,Martin,1989-04-15,(859)515-6165x2533,rowesara@example.com
26,Kelly,Huerta,1983-12-27,221.925.9317x3558,psantiago@example.com
27,Austin,Thompson,1963-07-17,(335)878-1896,staceytrevino@example.com
28,Joseph,Taylor,1977-09-10,458-285-3577x4104,deannarobinson@example.com
29,John,Jensen,1993-12-14,540-312-4087x086,aguilarlisa@example.net
30,David,Miranda,1996-10-14,484-931-4219,michellecooke@example.com
31,Michael,Hernandez,2006-10-22,367.817.7590x4254,nwilliams@example.net
32,Christian,Bass,1983-08-19,(986)448-9080x70294,patrick92@example.org
33,Joshua,Griffin,2003-10-05,714-446-9449x933,paulfrench@example.com
34,Gina,Ward,1982-06-22,615-778-0981,rwright@example.net
35,Daniel,Nguyen,1970-12-21,(284)483-7042,jenniferward@example.com
36,Andrew,Adams,1993-12-23,8025621466,marcusgarcia@example.net
37,Melvin,Maldonado,1961-07-07,(388)618-2616x2342,brownlindsey@example.net
38,Robyn,Edwards,1967-11-16,585.800.0379x519,brianodonnell@example.org
39,Alexis,Jackson,1983-11-12,001-656-508-9976x2750,mark00@example.org
40,Kimberly,Lewis,1954-12-09,(992)675-2752x20063,frank31@example.com
41,Jennifer,Larsen,1956-07-25,001-327-834-6014,hughesdaniel@example.com
42,Robert,Moreno,1976-01-12,001-771-448-4779x590,murrayjessica@example.org
43,Michael,Higgins,1998-10-25,001-575-745-0288x7472,dillon92@example.org
44,Toni,Hall,1984-07-02,952.804.8546x072,meganmurphy@example.net
45,Paul,Ward,1963-04-17,+1-706-947-9025x47643,maxwellrichard@example.org
46,Deborah,Orozco,1987-08-17,792-241-7809,msalas@example.org
47,Sarah,James,1967-05-19,(605)903-2643,zallen@example.com
48,Dorothy,Thompson,1972-07-23,(557)348-0589,georgebell@example.net
49,George,Johnson,1961-07-12,+1-775-495-9532x322,garrettbuchanan@example.net
50,Andrew,Williams,1957-04-12,001-411-427-0475x8882,frances63@example.org
51,Kent,Long,1990-01-09,(495)401-3495,lawrence26@example.net
52,Melissa,Le,1981-11-21,662-788-3016x8931,jenniferbaker@example.net
53,Sara,Wells,2006-11-29,5572054807,ryan28@example.net
54,Hannah,Kirk,1976-08-02,730-648-3135,gregorymorton@example.com
55,Erin,Fischer,2007-11-03,001-263-713-2213x107,thomaslisa@example.com
56,Anthony,Jackson,1971-03-23,8468538096,hterry@example.org
57,Tina,Ross,1957-10-05,(359)850-2604x955,johnrobles@example.net
58,Michelle,Payne,2000-05-13,(524)641-2760,bradleyacevedo@example.org
59,Taylor,Delgado,1971-02-16,+1-407-550-9516x42386,rpetersen@example.net
60,Kayla,Jackson,2001-09-18,448.695.0321x166,kinganthony@example.com
61,Jessica,Gentry,1983-01-24,818.819.6550x510,enorton@example.org
62,Michael,Richardson,1999-05-04,580.970.0033x0185,spencerreed@example.org
63,Adam,Reynolds,2003-12-21,001-612-805-6925x61649,crawfordnicholas@example.com
64,Joseph,Crawford,1994-10-23,001-289-299-1742x9205,uturner@example.net
65,Christian,James,1964-06-07,933.236.2723,tgarrett@example.com
66,Anthony,Collins,1970-03-29,(985)204-3645x199,fisherwilliam@example.com
67,Alicia,Soto,1958-08-16,001-901-266-1681x12868,schroedermarie@example.org
68,Christopher,Jones,1983-04-05,+1-760-362-8351x752,meganmartinez@example.com
69,Crystal,Hardy,1993-04-12,001-922-758-7361x624,paulsheppard@example.net
70,Stacy,Hamilton,1980-05-10,001-963-484-5320x447,jensensylvia@example.org
71,Eric,Webster,1964-11-15,(419)720-3743x012,brownashley@example.com
72,Matthew,Harris,1981-12-10,+1-400-845-1281,grahamkelly@example.net
73,Cynthia,Holmes,1990-04-20,661-629-9975x94969,alan95@example.net
74,Howard,Martin,1989-05-12,001-313-834-9704x327,gordonamanda@example.org
75,Melinda,Coleman,1975-01-08,001-918-332-4955,santiagokatelyn@example.net
76,Scott,Williams,2007-05-23,2959489194,thomastommy@example.net
77,Michael,Walker,1992-08-14,998-964-7772,vavila@example.org
78,Lauren,Jones,2004-08-23,306-335-6701x7937,nicolemartinez@example.net
79,Julie,Moore,1979-09-21,696-237-7560,greggmcclure@example.com
80,Wendy,Rodriguez,1967-07-06,815.511.0977,ssalas@example.com
81,Victor,Ryan,1992-02-07,491.364.2152x83281,qpatterson@example.com
82,Janet,Thompson,1973-04-23,001-870-837-3086x14991,mclaughlindaniel@example.com
83,Mark,Flores,1984-01-15,001-854-731-1258x184,kenneth58@example.com
84,Martin,Barton,1970-08-02,(862)222-2571,sethescobar@example.com
85,Michael,Williams,2003-03-16,293-308-4926,murphyralph@example.com
86,Jill,Giles,1956-08-13,001-922-305-7822x3110,anthonyparks@example.net
87,Louis,Ford,1999-06-23,001-530-664-1811x5202,christophergordon@example.org
88,Sabrina,Gutierrez,1967-12-18,+1-701-489-9881x084,daniel55@example.org
89,David,Carter,2005-03-23,498-394-7898,lisahall@example.org
90,Scott,Gibbs,1955-05-15,607.321.9941x835,vickimiller@example.net
91,Derrick,Joseph,1992-08-13,+1-472-326-0844x5179,murrayseth@example.com
92,Lisa,Sherman,1978-01-20,578.327.7684x9508,gloriapena@example.com
93,Robert,Pearson,1980-02-07,+1-688-236-8073x490,oscar51@example.net
94,David,Weeks,1959-05-23,704-559-2375x18924,sbriggs@example.com
95,Levi,Webster,1975-03-06,683-825-0092,kelseyjones@example.net
96,Lisa,Watkins,1989-04-24,2133915711,clarkjoshua@example.org
97,Caleb,Jones,1967-08-12,272.975.5124,davidjackson@example.com
98,Christopher,Brooks,1965-09-11,001-443-419-6262x20507,jennifer83@example.com
99,Paul,Dawson,2005-01-23,222-241-7153,samanthafrazier@example.net
100,Susan,Aguirre,1958-02-14,428.982.6586x00004,rperez@example.net
101,Ricky,Jones,1995-07-19,+1-994-285-9281x004,htorres@example.org
102,Justin,Oliver,1993-01-16,(777)647-9674,lisaholmes@example.net
103,Andrea,Williamson,1960-01-13,520.375.0071x332,rjohnson@example.org
104,Derek,Harper,1989-06-04,452.431.0718x07505,jennifer66@example.net
105,Joel,Nelson,1965-09-14,5457951970,johnsonshannon@example.net
106,Christopher,Brown,1958-02-22,001-213-351-7949,hsmith@example.net
107,John,Blevins,1980-10-28,713.230.0694,charles85@example.com
108,Jennifer,Perry,1967-10-20,+1-939-444-9973x8943,chambersamanda@example.org
109,David,Wilcox,1979-11-17,+1-257-372-4591x326,brittanysutton@example.com
110,Penny,Johnson,1994-01-06,327-741-0871x14230,cooleyandrew@example.net
111,Corey,Carey,1988-04-25,001-758-394-2868x532,jacksonalex@example.org
112,Jonathan,Jackson,1975-02-01,644-724-2006x648,williamsamanda@example.net
113,Anthony,Rodriguez,1962-09-09,949.722.2037x969,spenceroy@example.org
114,William,Bowman,1994-05-15,(609)618-0451,fdavis@example.com
115,Ronald,Craig,1964-01-29,747-315-0153x3643,zmedina@example.net
116,Eric,Gonzalez,1987-07-15,972-813-7412,steven73@example.com
117,Roberta,Lewis,1955-11-10,251-628-6170x9039,btaylor@example.net
118,Taylor,Green,1958-02-27,672-786-0257,batestimothy@example.com
119,Alexander,Williams,1964-05-14,+1-565-936-8637x873,wayne87@example.org
120,Kevin,Miller,1998-04-25,(448)876-6477,jessicawalker@example.org
121,Zachary,Wright,2001-04-17,7504708446,brian24@example.net
122,Brian,Lee,1998-09-16,+1-480-610-4438x70057,robertjohnson@example.net
123,Brad,Parker,1983-08-25,423-271-3576,clarkkathryn@example.com
124,Bridget,Barnett,1969-11-17,422-433-9946x77619,michelethomas@example.net
125,Kevin,Howard,1998-11-20,001-343-322-9619,hicksmichael@example.org
126,Marilyn,Mosley,1989-05-11,869-945-7278,john83@example.net
127,Scott,Jacobs,1988-04-08,687-834-9555,pamela48@example.com
128,Nancy,Norris,1978-05-31,+1-941-272-1799,carolray@example.org
129,Adam,Anderson,1963-09-07,7008341839,millersabrina@example.net
130,Glenda,Rice,1956-02-13,001-753-240-3809x068,stodd@example.net
131,Lauren,Walters,1959-08-09,001-542-400-3394,hoedward@example.com
132,Sarah,Franklin,1997-09-09,377.386.5797x8255,christian19@example.com
133,Randy,Khan,1999-07-07,816.468.6648x6614,rebeccavaughn@example.com
134,Michael,Butler,1988-01-05,7767201427,nwhite@example.com
135,Randall,Gomez,1959-09-23,891.662.9524x50970,daniellejohnson@example.com
136,Karen,Brown,1966-03-18,(373)475-7031x42362,mcclainjessica@example.com
137,Shannon,Cox,1968-07-15,001-397-201-8817x074,carterchristine@example.org
138,Amber,Barnes,1977-12-13,+1-817-409-6142x09227,jonesrobert@example.org
139,Tamara,Oconnor,1983-06-04,907.435.6828x59589,warnerdavid@example.com
140,Jacob,Smith,1972-08-05,+1-592-533-9002x82387,mgarza@example.org
141,Robert,Williams,1980-09-26,871-490-6631x1762,callahancharles@example.org
142,Jeffrey,Morris,2002-04-29,8663491511,nharrison@example.com
143,Anthony,Thompson,1981-08-02,+1-809-946-7613x1829,andersonmatthew@example.org
144,Terri,Davis,1974-04-09,001-654-624-7153,kellyadam@example.net
145,Heather,Robinson,1982-01-31,558.934.2549x7693,samantha84@example.net
146,Brittney,Fuller,1963-07-21,268.453.2595x931,scox@example.com
147,Lisa,Wang,1968-11-24,626-353-2114,zwarner@example.net
148,Timothy,Torres,2000-11-02,710-834-1361,sandra51@example.org
149,Tyler,Morrow,1980-07-28,264.212.5817x2795,patrickwolfe@example.com
150,Katherine,Armstrong,1979-07-17,9085587136,scarroll@example.org
151,Brandon,Thornton,1990-03-04,505.981.0260x45214,djohnson@example.org
152,Alexander,Conner,1983-05-14,238.422.8675x476,yvonnewilliams@example.net
153,Samuel,Martinez,1966-01-17,+1-242-469-7082x76037,alberthale@example.org
154,Daniel,Harvey,2001-09-25,964.878.3556x5753,michellearnold@example.com
155,Colleen,Goodwin,1974-11-11,872-781-9600,thomas77@example.net
156,Michael,King,1977-03-01,639.542.5357x979,dominique80@example.org
157,Victoria,Stewart,1964-04-06,8557821783,courtney79@example.net
158,John,Reyes,1970-12-06,001-332-844-7418,christine53@example.com
159,Brianna,Reyes,1973-08-05,672-928-6444x4198,sharon70@example.net
160,Jennifer,Macias,1980-08-13,001-521-889-1237x5133,smithkathy@example.net
161,Sarah,Maldonado,2004-04-23,+1-811-365-4072x695,ashleyhart@example.net
162,Heather,Stevens,2000-10-22,420.947.5004,uanderson@example.net
163,Michael,Williamson,1992-06-24,(835)925-5828x496,jeff42@example.org
164,Nicholas,Novak,1985-11-11,001-594-316-4365,darmstrong@example.com
165,Kristen,Castro,1966-01-05,001-907-455-7906,brookejohnson@example.net
166,Samantha,Davis,2005-11-07,001-353-360-9981x50210,cardenasdiana@example.com
167,Robert,Chavez,1973-05-17,(754)701-4427x9622,marvinking@example.net
168,Brian,Munoz,1975-10-08,275-663-9822,alyssageorge@example.net
169,Michael,Robinson,1990-02-13,001-734-586-7237,rhodestina@example.net
170,Margaret,Sellers,1960-07-09,(203)801-3854,abrown@example.org
171,Alexander,Wagner,1966-11-05,(647)438-5533x298,kevin83@example.net
172,Ronnie,Anderson,1988-01-13,001-862-796-8849x476,xwilliams@example.net
173,Martin,Gilmore,1968-12-07,001-714-270-6272x36028,amandacook@example.org
174,Scott,Jones,1979-08-04,(573)986-1885x449,xpatton@example.org
175,Lawrence,Cooper,1985-12-23,666-828-1649x129,ffernandez@example.com
176,Michael,Vargas,1988-03-12,+1-644-225-2120x937,hchan@example.com
177,Maria,Sanford,1959-02-02,972-796-0782x8256,halldavid@example.org
178,Andrew,Hunt,2004-02-27,902.382.8857x24340,jamesthomas@example.com
179,James,Nelson,1981-04-21,814-911-7677x00799,sfoley@example.net
180,Robert,Best,2001-03-13,001-959-680-4851,jessicawilliams@example.net
181,Sharon,Kelley,1987-02-07,001-959-725-5048x303,joseph42@example.org
182,Daniel,Daniels,1959-01-12,+1-488-904-7812x543,jeffersontravis@example.org
183,Anthony,Scott,1962-08-01,402.461.5889,isaac27@example.com
184,Scott,Ellis,1979-05-05,6313563581,umartin@example.net
185,Christian,Cooper,1993-09-14,9435191907,moranbrian@example.net
186,Ricky,Harper,1990-05-02,+1-702-520-0821,marie70@example.org
187,Gary,Adams,1969-02-19,963.919.5753x70966,juliahoward@example.net
188,Eugene,Johnson,1975-11-13,620-677-1867x5532,knightamy@example.com
189,Juan,Smith,1991-07-03,001-694-451-4228x4946,brooke79@example.com
190,Donna,Santiago,2007-07-31,+1-738-958-4162x37085,pricebecky@example.net
191,Shelby,Diaz,1969-12-26,(523)505-1680x7575,tburnett@example.com
192,Garrett,Jacobs,1966-06-13,001-444-428-5856,brenda85@example.com
193,Edward,Daniels,1967-04-13,+1-543-794-1370x14677,lisashaw@example.org
194,Michelle,Collins,1964-10-06,815.905.1844,rdixon@example.net
195,Lisa,Wilson,1994-10-28,+1-416-348-3652x44330,johnsonjamie@example.com
196,Shelby,Rangel,1994-08-18,676.682.8802x9351,munozgabriel@example.com
197,James,Perry,1987-04-22,439.505.5334,xwest@example.com
198,Rebecca,Hernandez,1966-03-03,+1-634-960-5774x42837,susan14@example.org
199,Peggy,Davis,1987-03-26,737.505.6037,martinkelsey@example.org
200,Matthew,Thomas,1985-01-18,(479)745-9247,twright@example.org
201,Denise,Brandt,2004-12-03,+1-933-627-7443x54812,hillkyle@example.org
202,David,Byrd,1991-03-02,460-729-4029,duartejennifer@example.net
203,Frank,Wright,1984-01-25,+1-893-674-6854x989,jessica96@example.net
204,Alice,Cannon,1972-12-25,001-796-517-7708,anthonyparker@example.net
205,Christopher,Bradley,1956-01-25,956-977-7260x386,xhess@example.com
206,Andrea,Kim,1980-10-05,336.909.7174,andre89@example.net
207,Peggy,Johnson,1994-05-09,595.473.6566,tiffanylynch@example.org
208,John,Horton,1957-03-09,(370)293-7977x72508,matthew16@example.com
209,Robert,Mcdowell,1993-09-22,(656)873-1610x515,jessica49@example.net
210,Kyle,Hall,1989-05-14,(850)380-8971,dgrant@example.net
211,Jacob,Smith,1993-09-24,403-475-6857x985,david16@example.net
212,Maria,Chavez,1971-03-01,966-587-7050x2649,amccoy@example.com
213,Amy,Jenkins,1972-06-14,001-899-544-8651x01131,smithrobert@example.org
214,Victoria,Hawkins,2005-07-01,474.802.3936x14597,gdecker@example.com
215,Amy,Jones,1962-10-31,5104506848,francisco08@example.com
216,Sarah,Haynes,1956-07-05,789.726.8433,janthony@example.net
217,Tami,Bailey,1991-03-23,+1-947-763-0653x2661,andrea47@example.org
218,Elizabeth,Bennett,1994-07-01,001-321-953-3237,johnsonderek@example.net
219,Lauren,Martinez,1987-09-11,373-591-3312,qmaynard@example.net
220,Mary,Burke,1990-03-11,866-772-3912,mjones@example.org
221,Betty,Chapman,1959-10-17,231-620-0137,osmith@example.org
222,Catherine,Sloan,1982-12-18,(322)870-8636,christopherjohnson@example.com
223,Allison,Diaz,1988-11-07,276-702-9901x5905,lemelissa@example.net
224,Amanda,Gonzalez,1982-02-25,(368)578-6388,kyle48@example.com
225,Brian,Lloyd,1969-06-03,552.200.5349,lisadavidson@example.com
226,Roger,Wood,1999-06-20,336.787.0327x775,porterpatricia@example.com
227,Taylor,Bailey,1959-10-13,916.404.9960x706,veronicaharding@example.org
228,Charles,Grant,1983-07-05,3329486467,michael08@example.com
229,Brandi,Wilson,1974-08-28,746.658.2628x79946,morangrace@example.com
230,Michael,Gibbs,1973-05-06,+1-860-543-1999x739,woodpeter@example.net
231,Michael,Lopez,1970-04-13,(728)547-9401x35947,ptorres@example.org
232,Amanda,Daniel,1983-02-20,258-664-7522x09748,abarnett@example.net
233,Carolyn,Todd,1995-06-25,721-760-8692,bcruz@example.org
234,Alyssa,Crosby,1968-02-22,297.682.6652x2952,kimberlylynn@example.org
235,Curtis,Smith,1999-08-15,001-257-350-1333x826,sdaniels@example.com
236,Kyle,Kennedy,1995-11-12,894-353-4299x6566,timothy35@example.com
237,Gary,Pierce,1969-01-16,663.939.3097x197,susan15@example.org
238,Phillip,Bautista,1971-08-16,463.590.6753,nortonkatelyn@example.org
239,Krystal,Moore,1997-07-07,939.885.1293,rebecca12@example.org
240,Stephanie,Fletcher,1958-11-26,504.620.7736,tinamarshall@example.net
241,Elizabeth,Knox,1964-11-20,753-860-6936x176,nmoore@example.com
242,Kevin,Smith,1963-09-29,001-639-786-1190x6758,hannacarmen@example.net
243,Christopher,Castillo,1987-05-09,+1-692-612-6008,torreserik@example.org
244,Jesse,Bruce,1954-12-11,883.540.4964x80875,rachel99@example.com
245,Michele,Cole,2006-03-11,+1-553-221-3129,bushjohn@example.net
246,Rebecca,Wilson,1965-03-28,+1-255-470-7905x5160,michael71@example.net
247,Kelly,Jones,1987-03-18,615.662.1938x070,mckeetheresa@example.net
248,Amber,Smith,1992-11-13,623-720-7449,trevinostephanie@example.org
249,Darin,Stark,1982-04-02,8605043423,mcdowelljustin@example.org
250,Donald,Gomez,2005-09-06,001-570-300-4755x5184,nicholasharris@example.net
251,Deborah,Lopez,1975-12-31,8086028584,icalhoun@example.com
252,Sharon,Lawrence,1982-05-14,232-807-7981x902,stevenbyrd@example.com
253,Jennifer,Hutchinson,1996-07-23,883-670-4095x64855,vargasedwin@example.net
254,Becky,Parker,1973-04-26,001-787-602-9862x834,yvonne45@example.com
255,Caitlin,Lynch,2001-09-01,(692)675-2854,franceshoward@example.com
256,Angela,Thompson,1988-06-06,+1-536-668-8101x3140,karen74@example.com
257,Audrey,Cox,1964-06-01,(375)302-2608x27820,thomasfrank@example.com
258,Barbara,Mcconnell,1968-04-01,380-952-9980x680,matthewpeters@example.com
259,Teresa,Butler,1955-10-20,747.639.8860x15949,dperry@example.org
260,Meagan,Baker,1966-08-13,4659048195,johnporter@example.net
261,Danielle,Nichols,1990-06-25,953.447.1402x5807,regina61@example.com
262,Calvin,Lopez,1990-10-12,282.235.7357,vargasraymond@example.com
263,Katie,Hampton,1995-08-27,(968)233-5086x91413,pearsonbenjamin@example.org
264,Dawn,Chan,2001-08-13,(476)485-7366x80221,tammysullivan@example.net
265,Sonya,Hale,2005-06-20,380.344.8132x934,aramos@example.net
266,James,Davis,2004-04-13,444-500-9141x928,joshua56@example.net
267,Kimberly,Bruce,1975-05-25,001-499-392-4844x2574,owensbradley@example.org
268,Jared,Rojas,1993-07-08,(584)829-8200,jenniferlowery@example.com
269,Jennifer,White,1986-09-11,566.583.6299x1682,melissa48@example.com
270,Maria,Bennett,1985-05-21,891-875-7509x0523,murphyjesse@example.net
271,Ronald,Barker,1971-12-05,259-285-2202x7316,jenniferreyes@example.org
272,Jason,Lopez,1964-09-14,958.985.3324x41846,adrianbarnes@example.org
273,Danielle,Hogan,1990-10-22,402.976.8528x58883,leslie63@example.com
274,Kirsten,Hayes,1995-11-22,4626363080,stevenponce@example.com
275,Rodney,Dorsey,2004-04-28,001-387-893-3509x19448,anthonyfischer@example.com
276,Wendy,Stevens,1958-03-08,001-649-201-4634,shannon68@example.net
277,Antonio,Ingram,1975-12-09,001-281-618-7457x34895,isabel78@example.org
278,David,Gentry,1992-09-14,636.401.7664,zhicks@example.com
279,Crystal,Kramer,1991-04-06,+1-752-251-6684x36931,michaelvelazquez@example.com
280,Misty,Rubio,1959-06-01,001-544-997-3717x903,hillcynthia@example.net
281,Steven,Conway,1998-02-16,6572763618,tfisher@example.net
282,Tyler,Johnson,1994-04-28,213.256.1410x814,antonio42@example.com
283,Yolanda,Rose,1964-02-28,875.969.1902,kylepeterson@example.com
284,Lori,Robles,2002-06-10,001-707-311-8514x76411,whitealexa@example.net
285,Brenda,Tucker,1982-10-08,001-927-839-6939x8283,qrichards@example.org
286,Larry,Nichols,1996-02-16,001-490-439-7956x27958,laurahiggins@example.net
287,Matthew,Orozco,1999-06-16,(278)656-5176x923,robinbrown@example.com
288,Emily,Rivera,1969-08-29,001-467-717-6942x144,craigjonathan@example.net
289,Sarah,Reilly,1968-09-21,866.749.4005x236,dawnevans@example.org
290,Erin,Small,1989-06-11,+1-653-348-0992x0310,hstafford@example.net
291,Beverly,Martinez,1982-10-24,(443)859-6219x5996,imurphy@example.com
292,Robert,Smith,1990-05-21,514.540.5053x1935,sanchezpamela@example.com
293,Chad,Ross,1993-06-03,(450)369-7712,mooreshane@example.com
294,Shelby,Moore,2003-12-26,892.379.0353x16126,pmedina@example.net
295,Kari,Bolton,1964-06-18,996.322.3906,russowilliam@example.net
296,Adrian,Gonzalez,1955-07-21,+1-341-974-1452,cwilson@example.org
297,Ryan,Jarvis,1988-03-27,(610)931-0869,logan34@example.org
298,Rebecca,Harper,1967-11-18,(308)904-4718x380,ogarcia@example.net
299,Sara,Allen,1997-10-12,469.618.2788,grosskaren@example.org
300,Tammy,Black,1959-10-25,285.942.0536,donnabaxter@example.org
301,Pamela,Duffy,1991-02-07,660-580-8084x9122,tara75@example.net
302,Thomas,Mendoza,1974-05-15,2247335422,henrybrown@example.com
303,Matthew,Nunez,1981-06-19,001-386-380-0588x07128,emily08@example.org
304,Linda,Strickland,1999-10-22,(437)335-4782,tylermichael@example.org
305,Raymond,Mitchell,1987-02-24,(932)385-1669x108,william47@example.com
306,Angela,White,1983-04-06,669-888-4027x221,jessicanichols@example.net
307,Kristen,Curry,1955-01-03,001-945-354-5698x0686,matthew75@example.com
308,Andrew,Cameron,1979-04-12,(652)629-9471x90018,woodardchristopher@example.org
309,Valerie,Thompson,1960-04-06,(436)569-0723,sandra80@example.org
310,Jacob,Vazquez,1962-03-05,683-584-3410,robertblack@example.org
311,Dennis,Jones,1995-10-05,706.271.5270,dylanchavez@example.com
312,Corey,Brown,1960-07-22,+1-689-536-3647x0076,krivera@example.net
313,Rebecca,Patterson,1999-07-11,+1-429-783-5084,jennifer41@example.com
314,Adrienne,Daniels,1960-03-17,(832)497-5704x8832,sarah10@example.org
315,Raymond,Smith,1981-05-12,+1-379-935-3100x6435,eugenetaylor@example.org
316,Jennifer,Brewer,2004-02-01,697.312.2056,sonyawilson@example.com
317,Jason,Ramirez,1959-12-27,001-878-433-9961x309,sheppardsusan@example.org
318,Francisco,Young,1962-03-02,001-348-279-4674x22708,jorge82@example.com
319,Rebecca,Obrien,1989-04-28,416.859.3190x8009,nfry@example.net
320,Casey,Parker,1956-05-25,(962)650-2069,michaelsmith@example.org
321,Jack,Cox,1974-08-11,653.920.8069x559,shelly40@example.org
322,Richard,Landry,1975-09-29,743-713-3813x462,gmontgomery@example.com
323,Paige,Brown,1963-12-10,509-319-6255,blakesolis@example.net
324,Dillon,Taylor,1992-08-14,+1-812-269-7782x6772,bwells@example.org
325,Paul,Smith,2001-07-11,(703)506-0790,wrighttheodore@example.com
326,Ryan,Hopkins,1956-02-10,538-252-8452x7016,lparsons@example.org
327,Joel,Lopez,1982-08-12,+1-297-701-5498x55913,codygalvan@example.com
328,Aaron,Wood,1988-01-31,473.889.6255x988,jenniferli@example.org
329,William,Santos,1958-01-24,001-586-535-8837x952,haleyprice@example.com
330,Calvin,Shepard,1965-09-09,001-587-757-7362x9379,ecrawford@example.net
331,Kevin,Roberson,1995-03-08,353.813.8701,bradleytyrone@example.org
332,Eric,Robinson,1973-11-19,+1-253-541-7595x21950,christianeric@example.org
333,Anthony,Jones,1969-12-08,3373851441,amanda80@example.org
334,Stephanie,Barnett,2006-08-11,+1-226-889-2884x6721,fitzgeraldsteven@example.org
335,Heather,Smith,1967-05-29,6357326401,angelajohnson@example.org
336,Kimberly,Mills,1996-06-26,001-762-357-6859x2916,christopher65@example.net
337,Cole,Harris,1995-01-04,209.612.4742x3745,cherylreyes@example.net
338,Ryan,Smith,1998-08-07,627.643.6378,bmurray@example.net
339,Taylor,Baldwin,1970-01-31,509-976-7154,patelsteven@example.org
340,Angelica,Rodgers,1987-08-11,001-277-857-7704x8844,fvalencia@example.net
341,Ashley,Hoffman,1974-12-09,467.745.9720,vickie65@example.net
342,Joanna,Hogan,1974-08-23,410.592.6352x21118,danieljones@example.com
343,Natalie,Perez,1971-11-08,7795355814,williamlee@example.com
344,Nicole,Wiley,1974-10-11,303.970.5054x7363,nguyenbrittany@example.net
345,Kelly,King,1988-10-01,001-205-496-6372,cynthia56@example.net
346,Judith,Williams,1989-03-16,271.388.6488x798,tinagilmore@example.net
347,Cameron,Friedman,2003-09-08,7473398344,rmoore@example.net
348,Rachael,Delgado,1955-01-12,+1-965-355-2198x067,allengabriel@example.com
349,Crystal,Bailey,1964-04-02,807-211-6414x434,elizabethwhite@example.net
350,Maria,Freeman,2004-11-20,001-917-846-1946,jramos@example.com
351,Sean,Kane,1987-04-10,001-365-706-9766x694,daniel09@example.org
352,Elaine,Williams,1996-04-04,+1-371-871-5782x8664,vmartinez@example.org
353,Edgar,Lindsey,2007-09-29,742-867-0068,phillipweeks@example.com
354,Thomas,Pierce,1962-04-25,643-469-8818,umcintosh@example.com
355,Brittany,Adams,1974-12-15,(423)233-5672,smithlisa@example.net
356,Beverly,Black,1976-10-17,968.912.8136x736,stevenpeterson@example.net
357,Caitlin,Bradley,2002-04-13,954.551.8360,uallen@example.org
358,Elizabeth,Carney,1986-01-02,001-475-313-9606x320,garyparker@example.org
359,Sharon,Frank,1985-05-16,(998)911-3824x99014,wesley60@example.org
360,Barbara,Zimmerman,1997-02-20,001-323-811-6282,candice16@example.com
361,Randy,Anderson,1984-11-14,982.698.3730x85387,qgriffin@example.org
362,Jason,Calderon,1962-06-18,3413096737,emily50@example.net
363,Danielle,Harris,1994-10-29,(817)700-8989,casey29@example.com
364,Karl,Roman,1975-03-27,929-541-2288,josephchapman@example.org
365,Kendra,Smith,1998-11-28,774-884-3390x82733,patrickclay@example.net
366,Joshua,Mack,2005-05-01,320.879.7842x674,riversamber@example.com
367,Scott,Rojas,1983-08-30,+1-801-489-3193x807,egarza@example.org
368,Tamara,Goodman,2005-10-26,271-348-6129x47625,david26@example.org
369,David,Blair,1968-08-31,001-415-361-5091x30478,ritterchristina@example.net
370,Anthony,Daniels,1987-06-03,+1-369-830-4092x19514,brandon76@example.org
371,Kevin,Wade,1973-06-23,(375)699-5026,lloydelizabeth@example.org
372,David,Levy,2006-08-12,(822)970-8696x2969,james05@example.org
373,April,Kemp,1972-01-22,001-424-493-9477x729,pdavis@example.net
374,Bryan,Page,1998-02-05,001-651-931-8712,dennis58@example.org
375,Kerri,Martinez,2006-02-20,323.982.7590x385,bradshawjoel@example.org
376,Nicole,Williams,2002-03-23,001-698-868-1643x7866,christyrich@example.org
377,Stacy,Frederick,1963-05-17,996.644.9376x28048,christinaterrell@example.org
378,William,Jensen,1974-12-24,+1-597-697-1291x87816,kristinbennett@example.org
379,Christopher,Fox,1977-03-28,628.820.6018x299,pamela28@example.com
380,Zachary,Thomas,2001-04-08,+1-312-897-2398x555,juanadkins@example.net
381,Michelle,Steele,1994-08-13,8219768334,edward10@example.com
382,Shawn,Mclaughlin,2003-09-13,(343)462-7703x78523,james63@example.com
383,Brittany,Mendoza,1989-03-27,446.690.4610x7820,ericaortiz@example.org
384,Erika,Hamilton,1999-11-16,(959)503-8082,kyle25@example.com
385,Kathleen,May,1991-08-11,(943)706-6543,floresfrank@example.net
386,Rhonda,Gardner,1972-03-03,001-757-643-3394,mallory95@example.org
387,Jessica,Sanchez,1957-08-21,+1-603-304-7151x9935,linda51@example.net
388,Leroy,Park,1982-04-13,001-958-302-5330,briannajohnson@example.com
389,Troy,Tucker,1987-08-09,001-738-674-6208,amber25@example.com
390,Madison,Brown,1975-07-23,580.393.9629,vicki84@example.org
391,Jamie,Stewart,1984-11-05,001-731-817-7856x2477,brittanymartinez@example.com
392,Jeffrey,Jordan,1972-09-16,(484)863-4409x331,rachel71@example.com
393,Christine,Simmons,1957-03-09,452.680.4041,ubuchanan@example.net
394,Valerie,Stevens,1979-03-05,(381)835-0546x74660,wilsonrobert@example.org
395,Jimmy,Hernandez,1996-05-13,(773)834-7211x66974,cellis@example.com
396,Veronica,Donovan,1981-07-13,(436)499-4376,cynthiaobrien@example.com
397,Linda,Webb,2000-04-30,001-603-991-1748x88945,julianmason@example.com
398,Jacob,Cunningham,1992-02-15,907-914-3763x775,hoffmanchristopher@example.org
399,Rachel,Owens,1998-11-15,(557)603-9062x12393,joshua60@example.org
400,Micheal,Barker,1985-03-03,(599)911-7672x71897,diane86@example.org
401,Crystal,Cross,2005-04-25,(672)318-9524x586,alexandra42@example.com
402,Taylor,Ryan,1988-06-24,(228)554-1234x909,vincenthatfield@example.net
403,Ryan,Bauer,1992-04-02,001-538-836-2641x19003,michael42@example.com
404,James,Carter,2001-03-17,553-804-0190x8166,xgarcia@example.net
405,Billy,Ramos,1991-10-24,213.556.3893x820,wilsonelizabeth@example.com
406,Lorraine,Moreno,1972-05-15,499.605.4534x707,ariel04@example.com
407,Christopher,Smith,1987-07-08,792-792-8826,urose@example.net
408,Gene,Davis,1955-02-15,+1-942-432-2522,wilsonclaudia@example.net
409,Sarah,Jones,1998-07-02,+1-460-421-6997x7310,christopherknight@example.com
410,Victoria,Wise,1966-08-31,565.864.5044,shannon18@example.com
411,Margaret,Harmon,1958-04-13,5618968970,christina53@example.com
412,David,Hodges,1968-03-20,(506)370-2025x5299,gina20@example.com
413,Wayne,Parker,1978-08-24,(457)742-1960x7158,qgould@example.com
414,Kristine,Nguyen,1979-08-11,728-697-0775,valdezevan@example.net
415,Tammy,Chase,1962-07-20,+1-378-376-0395x54337,hsullivan@example.net
416,Brandon,Nichols,1976-03-26,001-937-905-9556,robertsstephanie@example.org
417,Johnathan,Horton,2000-12-15,5568082801,iramsey@example.net
418,Jessica,Adams,1962-06-01,342.790.7592x0835,vcox@example.net
419,Robert,Richmond,1983-07-24,+1-613-765-4230x3123,jerry81@example.com
420,David,Cook,1989-08-31,001-525-952-8736x5819,tglenn@example.com
421,Sue,Cross,1986-05-23,238.424.5522x17898,swilson@example.net
422,Alicia,Knapp,1966-01-09,(287)787-2258,sharonpadilla@example.com
423,Richard,Trevino,1967-05-16,715.802.9787,wesleybarrett@example.net
424,Melanie,Coleman,1996-08-25,001-877-941-3495x839,jeremiahguzman@example.org
425,John,Green,1967-04-10,(296)454-0506x9257,bmeyer@example.org
426,Lisa,Young,1962-04-07,(573)630-7489x0217,wzamora@example.com
427,Barbara,Rich,1964-07-10,+1-824-413-4288x051,richard93@example.com
428,Toni,Riley,1996-10-10,001-619-364-7903x83003,ugreer@example.net
429,Brandy,Wallace,2000-07-21,237.773.1706x7189,keith59@example.net
430,Dennis,Carlson,1995-03-05,694.877.7661x951,bsmith@example.com
431,Miguel,Moore,1976-04-20,+1-360-220-8704,jordanraymond@example.net
432,Robert,Lamb,1980-02-19,001-612-751-3944x599,daniel40@example.com
433,Kristin,Bruce,1988-06-14,+1-913-438-7390,christopherwilkins@example.org
434,Bridget,Moore,1973-04-21,+1-557-998-6186,ijohnson@example.org
435,Andrew,Robertson,1971-01-19,+1-851-673-5008,benjamin39@example.com
436,Michael,Howell,1984-08-06,827.967.2997x86784,jennifercollins@example.net
437,Charles,May,1975-04-19,001-775-784-7786,millernicholas@example.net
438,Deanna,Peterson,1965-10-19,201-543-1312,reeseashley@example.com
439,Ryan,Davidson,1969-02-09,419.226.0479,nicoledavis@example.org
440,Robin,Smith,1956-12-20,001-562-911-8515x1366,floreslarry@example.org
441,John,Archer,1990-04-26,959-545-5911x859,normajohnson@example.net
442,Shawn,Rice,1997-06-05,(314)374-1596,mark57@example.net
443,Lori,Lewis,1978-03-26,001-715-617-3153x8993,carpenterdanielle@example.org
444,Brittany,Young,2004-08-29,832.322.8959x0444,jonathan21@example.net
445,April,Adams,2004-06-15,(918)236-4831x010,josephstewart@example.com
446,Amy,Mendoza,1994-10-06,001-886-423-1535x720,donald77@example.com
447,Jonathan,Watson,1963-10-19,001-565-889-5609x33183,drodriguez@example.net
448,William,Martinez,1983-12-13,001-574-249-3608x088,lambertwilliam@example.net
449,Zachary,Fox,1966-09-06,001-616-727-5384x8193,taylornorton@example.org
450,Donald,Glass,1984-12-16,4036254991,tara84@example.org
451,George,Wong,1967-01-11,(740)386-5631,paige50@example.org
452,Michael,Mosley,1996-05-06,391-447-7530x5766,anita96@example.net
453,Nancy,Harris,1990-02-24,885-684-0549x1668,parkerbryan@example.com
454,James,Taylor,1983-04-01,8459386322,qallison@example.net
455,Dana,Blanchard,1967-10-01,5433369244,sanchezbruce@example.com
456,Tracy,Moyer,1959-02-06,001-586-307-8287x10239,elizabethcurry@example.net
457,Diana,Ramos,2004-03-20,508.854.6949x41125,petermyers@example.org
458,Angela,Edwards,1992-04-21,7036477251,timothysmith@example.com
459,Tara,Blackwell,1998-10-21,583.447.8551x5970,odonnellcarrie@example.net
460,Ashley,Flores,1997-01-20,(325)726-0065x97175,christopher27@example.org
461,Alyssa,Ryan,1989-04-30,+1-738-859-6730,devin07@example.org
462,George,Johnson,1960-12-19,313.306.9067,ualvarez@example.com
463,Robert,Davidson,1993-03-06,898.642.9116x7511,bradleydennis@example.com
464,Kerry,Kim,1968-07-11,520.925.2201,timothy45@example.org
465,Megan,Reed,1960-02-10,(548)961-5464,tiffany20@example.com
466,Tina,Cannon,1998-09-01,(534)576-2863x492,barbara44@example.org
467,Dale,Becker,1975-10-09,001-246-437-6040x380,gary02@example.net
468,Emily,Smith,1958-01-08,2342449258,cohenjames@example.com
469,Samuel,Martin,2000-04-13,(313)596-6786x8189,doughertyjessica@example.net
470,Robin,Gonzales,1986-06-18,001-292-453-6743,bryanttammy@example.net
471,Joshua,Green,1994-07-16,9366656601,hpetersen@example.com
472,Elizabeth,Schroeder,1981-07-27,(493)344-4793x06352,ajefferson@example.net
473,Jennifer,Jenkins,1966-05-18,+1-231-784-1402x8468,hannahpark@example.org
474,Wendy,Trujillo,2002-07-24,(512)732-3823x4810,levinebrooke@example.org
475,Brandon,Reyes,1959-01-26,2489051780,kennethmorris@example.net
476,Jerry,Paul,2002-06-09,(553)711-2627x60953,connerchelsea@example.com
477,Kristen,Cook,1971-04-18,260.246.9256x98911,tanderson@example.net
478,Joseph,Elliott,1984-06-10,644.544.7869x4323,bmoran@example.com
479,Craig,Robertson,1983-03-14,+1-349-711-8965x85914,lorifuller@example.com
480,Mitchell,Hebert,2000-02-11,7296053551,anthony23@example.org
481,Tracy,Sullivan,1994-11-02,773-523-9313x77445,brandon16@example.org
482,Adam,Harris,1995-04-05,678.714.7688,lopezclayton@example.org
483,Aimee,Miller,1998-08-04,739.463.1583x0351,allen81@example.com
484,Alex,Miller,2004-09-20,462-797-3405,stacey83@example.net
485,Carl,Goodman,1974-04-15,751.653.2518x80555,alexander01@example.org
486,Kathryn,Daniel,1990-12-07,912-654-7273x358,justinmay@example.com
487,Kristin,Waters,1987-05-15,743-260-0260,lindseyjerry@example.org
488,Stephanie,Harvey,1963-02-25,(765)202-6480x9238,jennifer27@example.net
489,Amy,Frost,1974-10-10,714-491-8908x27790,perezjeff@example.com
490,Richard,Campbell,1965-04-26,4043744842,james93@example.org
491,Jennifer,Rodriguez,1973-02-06,001-223-854-7809x14800,matthew14@example.com
492,Kristina,Barton,1991-01-09,(427)764-3931,ortizanthony@example.net
493,Robin,Martin,1990-12-23,001-440-305-4382x968,ikeller@example.com
494,Gary,Miller,1996-09-18,836.369.7016x909,sanderson@example.com
495,Aaron,Castro,1967-07-21,525.991.8562x82256,zthomas@example.com
496,Cody,Lara,1968-08-12,(584)733-2847x753,joygomez@example.net
497,Nicholas,Smith,1982-05-30,646-816-4777x92046,jefferyfox@example.net
498,Nancy,Miller,1963-12-20,7444792486,hickmanevan@example.com
499,Frank,Gonzalez,1960-03-06,+1-514-204-2215x307,luis73@example.net
500,Jeffrey,Mckee,1971-02-08,(535)530-5691x105,adam07@example.org
